{
  "menu": [
    {
      "url": "/",
      "name": "Dashboard",
      "icon": "menu-icon tf-icons bx bx-home-circle bx-tada-hover",
      "slug": "home"
    },
    {
      "menuHeader": "Management"
    },
    {
      "url": "rentals",
      "name": "Rental Management",
      "icon": "menu-icon tf-icons bx bx-edit bx-tada-hover",
      "slug": "rentals.index"
    },
    {
      "url": "/motorbikes",
      "name": "Motorbikes Management",
      "icon": "menu-icon tf-icons bx bx-cycling bx-tada-hover",
      "slug": "motorbikes.index"
    },
    {
      "url": "/visas",
      "name": "Visa Managerment",
      "icon": "menu-icon tf-icons bx bx-book bx-tada-hover",
      "slug": "visas.index"
    },
    {
      "url": "work-permit",
      "name": "WP Managerment",
      "icon": "menu-icon tf-icons bx bx-credit-card-front bx-tada-hover",
      "slug": "work-permit.index"
    },
    {
      "url": "/customers",
      "name": "Customer Information",
      "icon": "menu-icon tf-icons bx bx-user bx-tada-hover",
      "slug": "customers.index"
    },
    {
      "menuHeader": "Report"
    },
    {
      "name": "Rental Report",
      "icon": "menu-icon tf-icons bx bx-cycling bx-tada-hover",
      "slug": "rentals-report",
      "submenu": [
        {
          "url": "rentals-report/daily-rental-transaction",
          "name": "Daily Rental Transaction",
          "slug": "rentals-report.daily-rental-transaction"
        },
        {
          "url": "rentals-report/exchange-motor",
          "name": "Exchange Motorbike Report",
          "slug": "rentals-report.exchange-motor-index"
        }
      ]
    },
    {
      "menuHeader": "Administration"
    },
    {
      "name": "CONFIGURATION",
      "icon": "menu-icon tf-icons bx bx-user bx-spin-hover",
      "slug": "users",
      "submenu": [
        {
          "url": "users",
          "name": "Users Management",
          "slug": "users.index"
        },
        {
          "url": "roles",
          "name": "Roles Management",
          "slug": "roles.index"
        }
      ]
    }
  ]
}
